Punto,Fecha,MÃ©trica,Instalaciones en dispositivos activos,Notas
2017-01-04 - 2019-02-18,2017-01-04,,9,Rollout of release - Started rollout of 1.1.0 at 100%
2017-01-04 - 2019-02-18,2017-01-05,,46
2017-01-04 - 2019-02-18,2017-01-06,,49
2017-01-04 - 2019-02-18,2017-01-07,,54
2017-01-04 - 2019-02-18,2017-01-08,,63
2017-01-04 - 2019-02-18,2017-01-09,,84
2017-01-04 - 2019-02-18,2017-01-10,,87
2017-01-04 - 2019-02-18,2017-01-11,,95
2017-01-04 - 2019-02-18,2017-01-12,,94
2017-01-04 - 2019-02-18,2017-01-13,,98
2017-01-04 - 2019-02-18,2017-01-14,,103
2017-01-04 - 2019-02-18,2017-01-15,,108
2017-01-04 - 2019-02-18,2017-01-16,,116
2017-01-04 - 2019-02-18,2017-01-17,,120
2017-01-04 - 2019-02-18,2017-01-18,,123
2017-01-04 - 2019-02-18,2017-01-19,,127
2017-01-04 - 2019-02-18,2017-01-20,,132
2017-01-04 - 2019-02-18,2017-01-21,,138
2017-01-04 - 2019-02-18,2017-01-22,,145
2017-01-04 - 2019-02-18,2017-01-23,,207
2017-01-04 - 2019-02-18,2017-01-24,,230
2017-01-04 - 2019-02-18,2017-01-25,,241
2017-01-04 - 2019-02-18,2017-01-26,,249
2017-01-04 - 2019-02-18,2017-01-27,,265
2017-01-04 - 2019-02-18,2017-01-28,,272
2017-01-04 - 2019-02-18,2017-01-29,,275
2017-01-04 - 2019-02-18,2017-01-30,,281
2017-01-04 - 2019-02-18,2017-01-31,,297
2017-01-04 - 2019-02-18,2017-02-01,,317
2017-01-04 - 2019-02-18,2017-02-02,,331
2017-01-04 - 2019-02-18,2017-02-03,,343
2017-01-04 - 2019-02-18,2017-02-04,,353
2017-01-04 - 2019-02-18,2017-02-05,,374
2017-01-04 - 2019-02-18,2017-02-06,,378
2017-01-04 - 2019-02-18,2017-02-07,,400
2017-01-04 - 2019-02-18,2017-02-08,,410
2017-01-04 - 2019-02-18,2017-02-09,,427
2017-01-04 - 2019-02-18,2017-02-10,,448
2017-01-04 - 2019-02-18,2017-02-11,,470
2017-01-04 - 2019-02-18,2017-02-12,,487
2017-01-04 - 2019-02-18,2017-02-13,,501
2017-01-04 - 2019-02-18,2017-02-14,,529
2017-01-04 - 2019-02-18,2017-02-15,,538
2017-01-04 - 2019-02-18,2017-02-16,,563
2017-01-04 - 2019-02-18,2017-02-17,,579
2017-01-04 - 2019-02-18,2017-02-18,,606
2017-01-04 - 2019-02-18,2017-02-19,,623
2017-01-04 - 2019-02-18,2017-02-20,,642
2017-01-04 - 2019-02-18,2017-02-21,,651
2017-01-04 - 2019-02-18,2017-02-22,,672
2017-01-04 - 2019-02-18,2017-02-23,,685
2017-01-04 - 2019-02-18,2017-02-24,,702
2017-01-04 - 2019-02-18,2017-02-25,,715
2017-01-04 - 2019-02-18,2017-02-26,,729
2017-01-04 - 2019-02-18,2017-02-27,,752
2017-01-04 - 2019-02-18,2017-02-28,,773
2017-01-04 - 2019-02-18,2017-03-01,,799
2017-01-04 - 2019-02-18,2017-03-02,,824
2017-01-04 - 2019-02-18,2017-03-03,,870
2017-01-04 - 2019-02-18,2017-03-04,,917
2017-01-04 - 2019-02-18,2017-03-05,,963
2017-01-04 - 2019-02-18,2017-03-07,,1046
2017-01-04 - 2019-02-18,2017-03-06,,1001
2017-01-04 - 2019-02-18,2017-03-08,,1076
2017-01-04 - 2019-02-18,2017-03-09,,1106
2017-01-04 - 2019-02-18,2017-03-10,,1122
2017-01-04 - 2019-02-18,2017-03-11,,1137
2017-01-04 - 2019-02-18,2017-03-12,,1151
2017-01-04 - 2019-02-18,2017-03-13,,1196
2017-01-04 - 2019-02-18,2017-03-14,,1240
2017-01-04 - 2019-02-18,2017-03-15,,1283
2017-01-04 - 2019-02-18,2017-03-16,,1318
2017-01-04 - 2019-02-18,2017-03-17,,1358
2017-01-04 - 2019-02-18,2017-03-18,,1376
2017-01-04 - 2019-02-18,2017-03-19,,1417
2017-01-04 - 2019-02-18,2017-03-20,,1457
2017-01-04 - 2019-02-18,2017-03-21,,1512
2017-01-04 - 2019-02-18,2017-03-22,,1551
2017-01-04 - 2019-02-18,2017-03-23,,1606
2017-01-04 - 2019-02-18,2017-03-24,,1640
2017-01-04 - 2019-02-18,2017-03-25,,1655
2017-01-04 - 2019-02-18,2017-03-26,,1690
2017-01-04 - 2019-02-18,2017-03-27,,1731
2017-01-04 - 2019-02-18,2017-03-28,,1765
2017-01-04 - 2019-02-18,2017-03-29,,1814
2017-01-04 - 2019-02-18,2017-03-30,,1841
2017-01-04 - 2019-02-18,2017-03-31,,1877
2017-01-04 - 2019-02-18,2017-04-01,,1909
2017-01-04 - 2019-02-18,2017-04-02,,1945
2017-01-04 - 2019-02-18,2017-04-03,,1993
2017-01-04 - 2019-02-18,2017-04-04,,2038
2017-01-04 - 2019-02-18,2017-04-05,,2106
2017-01-04 - 2019-02-18,2017-04-06,,2138
2017-01-04 - 2019-02-18,2017-04-07,,2169
2017-01-04 - 2019-02-18,2017-04-08,,2196
2017-01-04 - 2019-02-18,2017-04-09,,2232
2017-01-04 - 2019-02-18,2017-04-10,,2273
2017-01-04 - 2019-02-18,2017-04-11,,2322
2017-01-04 - 2019-02-18,2017-04-12,,2356
2017-01-04 - 2019-02-18,2017-04-13,,2384
2017-01-04 - 2019-02-18,2017-04-14,,2417
2017-01-04 - 2019-02-18,2017-04-15,,2447
2017-01-04 - 2019-02-18,2017-04-16,,2472
2017-01-04 - 2019-02-18,2017-04-17,,2512
2017-01-04 - 2019-02-18,2017-04-18,,2551
2017-01-04 - 2019-02-18,2017-04-19,,2596
2017-01-04 - 2019-02-18,2017-04-20,,2624
2017-01-04 - 2019-02-18,2017-04-21,,2673
2017-01-04 - 2019-02-18,2017-04-22,,2705
2017-01-04 - 2019-02-18,2017-04-23,,2719
2017-01-04 - 2019-02-18,2017-04-24,,2767
2017-01-04 - 2019-02-18,2017-04-25,,2811
2017-01-04 - 2019-02-18,2017-04-26,,2853
2017-01-04 - 2019-02-18,2017-04-27,,2890
2017-01-04 - 2019-02-18,2017-04-28,,2900
2017-01-04 - 2019-02-18,2017-04-29,,2920
2017-01-04 - 2019-02-18,2017-04-30,,2938
2017-01-04 - 2019-02-18,2017-05-01,,2961
2017-01-04 - 2019-02-18,2017-05-02,,3020
2017-01-04 - 2019-02-18,2017-05-03,,3054
2017-01-04 - 2019-02-18,2017-05-04,,3097
2017-01-04 - 2019-02-18,2017-05-05,,3117
2017-01-04 - 2019-02-18,2017-05-06,,3131
2017-01-04 - 2019-02-18,2017-05-07,,3167
2017-01-04 - 2019-02-18,2017-05-08,,3217
2017-01-04 - 2019-02-18,2017-05-09,,3249
2017-01-04 - 2019-02-18,2017-05-10,,3308
2017-01-04 - 2019-02-18,2017-05-11,,3347
2017-01-04 - 2019-02-18,2017-05-12,,3375
2017-01-04 - 2019-02-18,2017-05-13,,3383
2017-01-04 - 2019-02-18,2017-05-14,,3426
2017-01-04 - 2019-02-18,2017-05-15,,3458
2017-01-04 - 2019-02-18,2017-05-16,,3493,Rollout of release - Started rollout of 1.2 at 100%
2017-01-04 - 2019-02-18,2017-05-17,,3509
2017-01-04 - 2019-02-18,2017-05-18,,3549
2017-01-04 - 2019-02-18,2017-05-19,,3566
2017-01-04 - 2019-02-18,2017-05-20,,3597
2017-01-04 - 2019-02-18,2017-05-21,,3622
2017-01-04 - 2019-02-18,2017-05-22,,3665
2017-01-04 - 2019-02-18,2017-05-23,,3703
2017-01-04 - 2019-02-18,2017-05-24,,3717
2017-01-04 - 2019-02-18,2017-05-25,,3742
2017-01-04 - 2019-02-18,2017-05-26,,3752
2017-01-04 - 2019-02-18,2017-05-27,,3757
2017-01-04 - 2019-02-18,2017-05-28,,3762
2017-01-04 - 2019-02-18,2017-05-29,,3778
2017-01-04 - 2019-02-18,2017-05-30,,3804
2017-01-04 - 2019-02-18,2017-05-31,,3826
2017-01-04 - 2019-02-18,2017-06-01,,3850
2017-01-04 - 2019-02-18,2017-06-02,,3860
2017-01-04 - 2019-02-18,2017-06-03,,3860
2017-01-04 - 2019-02-18,2017-06-04,,3863
2017-01-04 - 2019-02-18,2017-06-05,,3889
2017-01-04 - 2019-02-18,2017-06-06,,3907
2017-01-04 - 2019-02-18,2017-06-07,,3917
2017-01-04 - 2019-02-18,2017-06-08,,3934
2017-01-04 - 2019-02-18,2017-06-09,,3931
2017-01-04 - 2019-02-18,2017-06-10,,3936
2017-01-04 - 2019-02-18,2017-06-11,,3944
2017-01-04 - 2019-02-18,2017-06-12,,3961
2017-01-04 - 2019-02-18,2017-06-13,,3985
2017-01-04 - 2019-02-18,2017-06-14,,3984
2017-01-04 - 2019-02-18,2017-06-15,,4005
2017-01-04 - 2019-02-18,2017-06-16,,4001
2017-01-04 - 2019-02-18,2017-06-17,,4021
2017-01-04 - 2019-02-18,2017-06-18,,4022
2017-01-04 - 2019-02-18,2017-06-19,,4032
2017-01-04 - 2019-02-18,2017-06-20,,4048
2017-01-04 - 2019-02-18,2017-06-21,,4059
2017-01-04 - 2019-02-18,2017-06-22,,4066
2017-01-04 - 2019-02-18,2017-06-23,,4062
2017-01-04 - 2019-02-18,2017-06-24,,4057
2017-01-04 - 2019-02-18,2017-06-25,,4071
2017-01-04 - 2019-02-18,2017-06-26,,4081
2017-01-04 - 2019-02-18,2017-06-27,,4111
2017-01-04 - 2019-02-18,2017-06-28,,4137
2017-01-04 - 2019-02-18,2017-06-29,,4171
2017-01-04 - 2019-02-18,2017-06-30,,4178
2017-01-04 - 2019-02-18,2017-07-01,,4211
2017-01-04 - 2019-02-18,2017-07-02,,4222
2017-01-04 - 2019-02-18,2017-07-03,,4254,"Rollout of release - Started rollout of 1.2.1 at 50%, Rollout of release - Increased rollout of 1.2.1 to 100%"
2017-01-04 - 2019-02-18,2017-07-04,,4295
2017-01-04 - 2019-02-18,2017-07-05,,4328
2017-01-04 - 2019-02-18,2017-07-06,,4346
2017-01-04 - 2019-02-18,2017-07-07,,4379
2017-01-04 - 2019-02-18,2017-07-08,,4399
2017-01-04 - 2019-02-18,2017-07-09,,4420
2017-01-04 - 2019-02-18,2017-07-10,,4446
2017-01-04 - 2019-02-18,2017-07-11,,4458
2017-01-04 - 2019-02-18,2017-07-12,,4460
2017-01-04 - 2019-02-18,2017-07-13,,4477
2017-01-04 - 2019-02-18,2017-07-14,,4497
2017-01-04 - 2019-02-18,2017-07-15,,4495
2017-01-04 - 2019-02-18,2017-07-16,,4506
2017-01-04 - 2019-02-18,2017-07-17,,4523
2017-01-04 - 2019-02-18,2017-07-18,,4558
2017-01-04 - 2019-02-18,2017-07-19,,4590
2017-01-04 - 2019-02-18,2017-07-20,,4610
2017-01-04 - 2019-02-18,2017-07-21,,4620
2017-01-04 - 2019-02-18,2017-07-22,,4618
2017-01-04 - 2019-02-18,2017-07-23,,4624
2017-01-04 - 2019-02-18,2017-07-24,,4637
2017-01-04 - 2019-02-18,2017-07-25,,4649
2017-01-04 - 2019-02-18,2017-07-26,,4669
2017-01-04 - 2019-02-18,2017-07-27,,4676
2017-01-04 - 2019-02-18,2017-07-28,,4676
2017-01-04 - 2019-02-18,2017-07-29,,4684
2017-01-04 - 2019-02-18,2017-07-30,,4705
2017-01-04 - 2019-02-18,2017-07-31,,4724
2017-01-04 - 2019-02-18,2017-08-01,,4752
2017-01-04 - 2019-02-18,2017-08-02,,4801
2017-01-04 - 2019-02-18,2017-08-03,,4812
2017-01-04 - 2019-02-18,2017-08-04,,4830
2017-01-04 - 2019-02-18,2017-08-05,,4843
2017-01-04 - 2019-02-18,2017-08-06,,4877
2017-01-04 - 2019-02-18,2017-08-07,,4913
2017-01-04 - 2019-02-18,2017-08-08,,4974
2017-01-04 - 2019-02-18,2017-08-09,,5006
2017-01-04 - 2019-02-18,2017-08-10,,5050
2017-01-04 - 2019-02-18,2017-08-11,,5094
2017-01-04 - 2019-02-18,2017-08-12,,5112
2017-01-04 - 2019-02-18,2017-08-13,,5130
2017-01-04 - 2019-02-18,2017-08-14,,5163
2017-01-04 - 2019-02-18,2017-08-15,,5195
2017-01-04 - 2019-02-18,2017-08-16,,5231
2017-01-04 - 2019-02-18,2017-08-17,,5263
2017-01-04 - 2019-02-18,2017-08-18,,5290
2017-01-04 - 2019-02-18,2017-08-19,,5295
2017-01-04 - 2019-02-18,2017-08-20,,5333
2017-01-04 - 2019-02-18,2017-08-21,,5367
2017-01-04 - 2019-02-18,2017-08-22,,5420
2017-01-04 - 2019-02-18,2017-08-23,,5462
2017-01-04 - 2019-02-18,2017-08-24,,5500
2017-01-04 - 2019-02-18,2017-08-25,,5532
2017-01-04 - 2019-02-18,2017-08-26,,5549
2017-01-04 - 2019-02-18,2017-08-27,,5564
2017-01-04 - 2019-02-18,2017-08-28,,5601
2017-01-04 - 2019-02-18,2017-08-29,,5612
2017-01-04 - 2019-02-18,2017-08-30,,5636
2017-01-04 - 2019-02-18,2017-08-31,,5662
2017-01-04 - 2019-02-18,2017-09-01,,5712
2017-01-04 - 2019-02-18,2017-09-02,,5743
2017-01-04 - 2019-02-18,2017-09-03,,5778
2017-01-04 - 2019-02-18,2017-09-04,,5820
2017-01-04 - 2019-02-18,2017-09-05,,5852
2017-01-04 - 2019-02-18,2017-09-06,,5889
2017-01-04 - 2019-02-18,2017-09-07,,5940
2017-01-04 - 2019-02-18,2017-09-08,,5961
2017-01-04 - 2019-02-18,2017-09-09,,5984
2017-01-04 - 2019-02-18,2017-09-10,,6013
2017-01-04 - 2019-02-18,2017-09-11,,6071
2017-01-04 - 2019-02-18,2017-09-12,,6105
2017-01-04 - 2019-02-18,2017-09-13,,6149
2017-01-04 - 2019-02-18,2017-09-14,,6171
2017-01-04 - 2019-02-18,2017-09-15,,6182
2017-01-04 - 2019-02-18,2017-09-16,,6188
2017-01-04 - 2019-02-18,2017-09-17,,6186
2017-01-04 - 2019-02-18,2017-09-18,,6212
2017-01-04 - 2019-02-18,2017-09-19,,6236
2017-01-04 - 2019-02-18,2017-09-20,,6262
2017-01-04 - 2019-02-18,2017-09-21,,6277
2017-01-04 - 2019-02-18,2017-09-22,,6304
2017-01-04 - 2019-02-18,2017-09-23,,6322
2017-01-04 - 2019-02-18,2017-09-24,,6348
2017-01-04 - 2019-02-18,2017-09-25,,6386
2017-01-04 - 2019-02-18,2017-09-26,,6432
2017-01-04 - 2019-02-18,2017-09-27,,6480
2017-01-04 - 2019-02-18,2017-09-28,,6520
2017-01-04 - 2019-02-18,2017-09-29,,6541
2017-01-04 - 2019-02-18,2017-09-30,,6552
2017-01-04 - 2019-02-18,2017-10-01,,6582
2017-01-04 - 2019-02-18,2017-10-02,,6639
2017-01-04 - 2019-02-18,2017-10-03,,6664
2017-01-04 - 2019-02-18,2017-10-04,,6702
2017-01-04 - 2019-02-18,2017-10-05,,6715
2017-01-04 - 2019-02-18,2017-10-06,,6751
2017-01-04 - 2019-02-18,2017-10-07,,6751
2017-01-04 - 2019-02-18,2017-10-08,,6757
2017-01-04 - 2019-02-18,2017-10-09,,6775
2017-01-04 - 2019-02-18,2017-10-10,,6790
2017-01-04 - 2019-02-18,2017-10-11,,6835
2017-01-04 - 2019-02-18,2017-10-12,,6845
2017-01-04 - 2019-02-18,2017-10-13,,6843
2017-01-04 - 2019-02-18,2017-10-14,,6847
2017-01-04 - 2019-02-18,2017-10-15,,6858
2017-01-04 - 2019-02-18,2017-10-16,,6883,"Rollout of release - Started rollout of 1.3 at 20%, Rollout of release - Increased rollout of 1.3 to 50%, Rollout of release - Increased rollout of 1.3 to 100%"
2017-01-04 - 2019-02-18,2017-10-17,,6886
2017-01-04 - 2019-02-18,2017-10-18,,6867
2017-01-04 - 2019-02-18,2017-10-19,,6866
2017-01-04 - 2019-02-18,2017-10-20,,6840
2017-01-04 - 2019-02-18,2017-10-21,,6822
2017-01-04 - 2019-02-18,2017-10-22,,6837
2017-01-04 - 2019-02-18,2017-10-23,,6819
2017-01-04 - 2019-02-18,2017-10-24,,6818
2017-01-04 - 2019-02-18,2017-10-25,,6828
2017-01-04 - 2019-02-18,2017-10-26,,6826
2017-01-04 - 2019-02-18,2017-10-27,,6814
2017-01-04 - 2019-02-18,2017-10-28,,6815
2017-01-04 - 2019-02-18,2017-10-29,,6807
2017-01-04 - 2019-02-18,2017-10-30,,6796
2017-01-04 - 2019-02-18,2017-10-31,,6793
2017-01-04 - 2019-02-18,2017-11-01,,6790
2017-01-04 - 2019-02-18,2017-11-02,,6759
2017-01-04 - 2019-02-18,2017-11-03,,6751
2017-01-04 - 2019-02-18,2017-11-04,,6717
2017-01-04 - 2019-02-18,2017-11-05,,6725
2017-01-04 - 2019-02-18,2017-11-06,,6717
2017-01-04 - 2019-02-18,2017-11-07,,6730
2017-01-04 - 2019-02-18,2017-11-08,,6727
2017-01-04 - 2019-02-18,2017-11-09,,6704,"Rollout of release - Started rollout of 1.3.1 at 20%, Rollout of release - Increased rollout of 1.3.1 to 100%"
2017-01-04 - 2019-02-18,2017-11-10,,6699
2017-01-04 - 2019-02-18,2017-11-11,,6690
2017-01-04 - 2019-02-18,2017-11-12,,6679
2017-01-04 - 2019-02-18,2017-11-13,,6682
2017-01-04 - 2019-02-18,2017-11-14,,6685
2017-01-04 - 2019-02-18,2017-11-15,,6701
2017-01-04 - 2019-02-18,2017-11-16,,6712
2017-01-04 - 2019-02-18,2017-11-17,,6708
2017-01-04 - 2019-02-18,2017-11-18,,6713,"Rollout of release - Started rollout of 1.4.0 at 20%, Rollout of release - Increased rollout of 1.4.0 to 100%"
2017-01-04 - 2019-02-18,2017-11-19,,6706
2017-01-04 - 2019-02-18,2017-11-20,,6706
2017-01-04 - 2019-02-18,2017-11-21,,6721
2017-01-04 - 2019-02-18,2017-11-22,,6722
2017-01-04 - 2019-02-18,2017-11-23,,6722
2017-01-04 - 2019-02-18,2017-11-24,,6722
2017-01-04 - 2019-02-18,2017-11-25,,6706
2017-01-04 - 2019-02-18,2017-11-26,,6697
2017-01-04 - 2019-02-18,2017-11-27,,6700
2017-01-04 - 2019-02-18,2017-11-28,,6696
2017-01-04 - 2019-02-18,2017-11-29,,6683
2017-01-04 - 2019-02-18,2017-11-30,,6669
2017-01-04 - 2019-02-18,2017-12-01,,6685
2017-01-04 - 2019-02-18,2017-12-02,,6675
2017-01-04 - 2019-02-18,2017-12-03,,6687
2017-01-04 - 2019-02-18,2017-12-04,,6691
2017-01-04 - 2019-02-18,2017-12-05,,6710
2017-01-04 - 2019-02-18,2017-12-06,,6718
2017-01-04 - 2019-02-18,2017-12-07,,6715
2017-01-04 - 2019-02-18,2017-12-08,,6700
2017-01-04 - 2019-02-18,2017-12-09,,6699
2017-01-04 - 2019-02-18,2017-12-10,,6695
2017-01-04 - 2019-02-18,2017-12-11,,6684
2017-01-04 - 2019-02-18,2017-12-12,,6697
2017-01-04 - 2019-02-18,2017-12-13,,6698
2017-01-04 - 2019-02-18,2017-12-14,,6721
2017-01-04 - 2019-02-18,2017-12-15,,6728
2017-01-04 - 2019-02-18,2017-12-16,,6732
2017-01-04 - 2019-02-18,2017-12-17,,6734
2017-01-04 - 2019-02-18,2017-12-18,,6762
2017-01-04 - 2019-02-18,2017-12-19,,6764
2017-01-04 - 2019-02-18,2017-12-20,,6779
2017-01-04 - 2019-02-18,2017-12-21,,6781
2017-01-04 - 2019-02-18,2017-12-22,,6781
2017-01-04 - 2019-02-18,2017-12-23,,6771
2017-01-04 - 2019-02-18,2017-12-24,,6740
2017-01-04 - 2019-02-18,2017-12-25,,6727
2017-01-04 - 2019-02-18,2017-12-26,,6748
2017-01-04 - 2019-02-18,2017-12-27,,6770
2017-01-04 - 2019-02-18,2017-12-28,,6773
2017-01-04 - 2019-02-18,2017-12-29,,6782
2017-01-04 - 2019-02-18,2017-12-30,,6780
2017-01-04 - 2019-02-18,2017-12-31,,6794
2017-01-04 - 2019-02-18,2018-01-01,,6801
2017-01-04 - 2019-02-18,2018-01-02,,6868
2017-01-04 - 2019-02-18,2018-01-03,,6915
2017-01-04 - 2019-02-18,2018-01-04,,6965
2017-01-04 - 2019-02-18,2018-01-05,,6963
2017-01-04 - 2019-02-18,2018-01-06,,6990
2017-01-04 - 2019-02-18,2018-01-07,,7001
2017-01-04 - 2019-02-18,2018-01-08,,7031
2017-01-04 - 2019-02-18,2018-01-09,,7047
2017-01-04 - 2019-02-18,2018-01-10,,7075
2017-01-04 - 2019-02-18,2018-01-11,,7092
2017-01-04 - 2019-02-18,2018-01-12,,7109
2017-01-04 - 2019-02-18,2018-01-13,,7116
2017-01-04 - 2019-02-18,2018-01-14,,7132
2017-01-04 - 2019-02-18,2018-01-15,,7144
2017-01-04 - 2019-02-18,2018-01-16,,7171
2017-01-04 - 2019-02-18,2018-01-17,,7210
2017-01-04 - 2019-02-18,2018-01-18,,7232
2017-01-04 - 2019-02-18,2018-01-19,,7229
2017-01-04 - 2019-02-18,2018-01-20,,7225
2017-01-04 - 2019-02-18,2018-01-21,,7221
2017-01-04 - 2019-02-18,2018-01-22,,7252
2017-01-04 - 2019-02-18,2018-01-23,,7275
2017-01-04 - 2019-02-18,2018-01-24,,7294
2017-01-04 - 2019-02-18,2018-01-25,,7294
2017-01-04 - 2019-02-18,2018-01-26,,7306
2017-01-04 - 2019-02-18,2018-01-27,,7316
2017-01-04 - 2019-02-18,2018-01-28,,7310
2017-01-04 - 2019-02-18,2018-01-29,,7330
2017-01-04 - 2019-02-18,2018-01-30,,7351
2017-01-04 - 2019-02-18,2018-01-31,,7365
2017-01-04 - 2019-02-18,2018-02-01,,7399
2017-01-04 - 2019-02-18,2018-02-02,,7411
2017-01-04 - 2019-02-18,2018-02-03,,7415
2017-01-04 - 2019-02-18,2018-02-04,,7428
2017-01-04 - 2019-02-18,2018-02-05,,7444
2017-01-04 - 2019-02-18,2018-02-06,,7486
2017-01-04 - 2019-02-18,2018-02-07,,7511
2017-01-04 - 2019-02-18,2018-02-08,,7543
2017-01-04 - 2019-02-18,2018-02-09,,7572
2017-01-04 - 2019-02-18,2018-02-10,,7592
2017-01-04 - 2019-02-18,2018-02-11,,7597
2017-01-04 - 2019-02-18,2018-02-12,,7614
2017-01-04 - 2019-02-18,2018-02-13,,7620
2017-01-04 - 2019-02-18,2018-02-14,,7622
2017-01-04 - 2019-02-18,2018-02-15,,7638
2017-01-04 - 2019-02-18,2018-02-16,,7642
2017-01-04 - 2019-02-18,2018-02-17,,7649
2017-01-04 - 2019-02-18,2018-02-18,,7664
2017-01-04 - 2019-02-18,2018-02-19,,7668
2017-01-04 - 2019-02-18,2018-02-20,,7690
2017-01-04 - 2019-02-18,2018-02-21,,7703
2017-01-04 - 2019-02-18,2018-02-22,,7715
2017-01-04 - 2019-02-18,2018-02-23,,7726
2017-01-04 - 2019-02-18,2018-02-24,,7739
2017-01-04 - 2019-02-18,2018-02-25,,7749
2017-01-04 - 2019-02-18,2018-02-26,,7777,Rollout of release - Started rollout of 1.4.1 at 100%
2017-01-04 - 2019-02-18,2018-02-27,,7796
2017-01-04 - 2019-02-18,2018-02-28,,7818
2017-01-04 - 2019-02-18,2018-03-01,,7840
2017-01-04 - 2019-02-18,2018-03-02,,7864
2017-01-04 - 2019-02-18,2018-03-03,,7886
2017-01-04 - 2019-02-18,2018-03-04,,7900
2017-01-04 - 2019-02-18,2018-03-05,,7951
2017-01-04 - 2019-02-18,2018-03-06,,7983
2017-01-04 - 2019-02-18,2018-03-07,,8007
2017-01-04 - 2019-02-18,2018-03-08,,8023
2017-01-04 - 2019-02-18,2018-03-09,,8033
2017-01-04 - 2019-02-18,2018-03-10,,8031
2017-01-04 - 2019-02-18,2018-03-11,,8029
2017-01-04 - 2019-02-18,2018-03-12,,8046
2017-01-04 - 2019-02-18,2018-03-13,,8055
2017-01-04 - 2019-02-18,2018-03-14,,8092
2017-01-04 - 2019-02-18,2018-03-15,,8103
2017-01-04 - 2019-02-18,2018-03-16,,8122
2017-01-04 - 2019-02-18,2018-03-17,,8132
2017-01-04 - 2019-02-18,2018-03-18,,8118
2017-01-04 - 2019-02-18,2018-03-19,,8133
2017-01-04 - 2019-02-18,2018-03-20,,8141
2017-01-04 - 2019-02-18,2018-03-21,,8171
2017-01-04 - 2019-02-18,2018-03-22,,8212
2017-01-04 - 2019-02-18,2018-03-23,,8210
2017-01-04 - 2019-02-18,2018-03-24,,8205
2017-01-04 - 2019-02-18,2018-03-25,,8204
2017-01-04 - 2019-02-18,2018-03-26,,8240
2017-01-04 - 2019-02-18,2018-03-27,,8265
2017-01-04 - 2019-02-18,2018-03-28,,8264
2017-01-04 - 2019-02-18,2018-03-29,,8249
2017-01-04 - 2019-02-18,2018-03-30,,8246
2017-01-04 - 2019-02-18,2018-03-31,,8239
2017-01-04 - 2019-02-18,2018-04-01,,8261
2017-01-04 - 2019-02-18,2018-04-02,,8320
2017-01-04 - 2019-02-18,2018-04-03,,8348
2017-01-04 - 2019-02-18,2018-04-04,,8387
2017-01-04 - 2019-02-18,2018-04-05,,8408
2017-01-04 - 2019-02-18,2018-04-06,,8419
2017-01-04 - 2019-02-18,2018-04-07,,8413
2017-01-04 - 2019-02-18,2018-04-08,,8421
2017-01-04 - 2019-02-18,2018-04-09,,8453
2017-01-04 - 2019-02-18,2018-04-10,,8480
2017-01-04 - 2019-02-18,2018-04-11,,8512
2017-01-04 - 2019-02-18,2018-04-12,,8525
2017-01-04 - 2019-02-18,2018-04-13,,8543
2017-01-04 - 2019-02-18,2018-04-14,,8538
2017-01-04 - 2019-02-18,2018-04-15,,8545
2017-01-04 - 2019-02-18,2018-04-16,,8576
2017-01-04 - 2019-02-18,2018-04-17,,8587
2017-01-04 - 2019-02-18,2018-04-18,,8629
2017-01-04 - 2019-02-18,2018-04-19,,8639
2017-01-04 - 2019-02-18,2018-04-20,,8641
2017-01-04 - 2019-02-18,2018-04-21,,8643
2017-01-04 - 2019-02-18,2018-04-22,,8636
2017-01-04 - 2019-02-18,2018-04-23,,8640
2017-01-04 - 2019-02-18,2018-04-24,,8668
2017-01-04 - 2019-02-18,2018-04-25,,8679
2017-01-04 - 2019-02-18,2018-04-26,,8695
2017-01-04 - 2019-02-18,2018-04-27,,8685
2017-01-04 - 2019-02-18,2018-04-28,,8679
2017-01-04 - 2019-02-18,2018-04-29,,8681
2017-01-04 - 2019-02-18,2018-04-30,,8698
2017-01-04 - 2019-02-18,2018-05-01,,8712
2017-01-04 - 2019-02-18,2018-05-02,,8748
2017-01-04 - 2019-02-18,2018-05-03,,8778
2017-01-04 - 2019-02-18,2018-05-04,,8800
2017-01-04 - 2019-02-18,2018-05-05,,8786
2017-01-04 - 2019-02-18,2018-05-06,,8802
2017-01-04 - 2019-02-18,2018-05-07,,8813
2017-01-04 - 2019-02-18,2018-05-08,,8827
2017-01-04 - 2019-02-18,2018-05-09,,8846
2017-01-04 - 2019-02-18,2018-05-10,,8871
2017-01-04 - 2019-02-18,2018-05-11,,8867
2017-01-04 - 2019-02-18,2018-05-12,,8862
2017-01-04 - 2019-02-18,2018-05-13,,8846
2017-01-04 - 2019-02-18,2018-05-14,,8847
2017-01-04 - 2019-02-18,2018-05-15,,8870
2017-01-04 - 2019-02-18,2018-05-16,,8895
2017-01-04 - 2019-02-18,2018-05-17,,8915
2017-01-04 - 2019-02-18,2018-05-18,,8936
2017-01-04 - 2019-02-18,2018-05-19,,8929
2017-01-04 - 2019-02-18,2018-05-20,,8924
2017-01-04 - 2019-02-18,2018-05-21,,8946
2017-01-04 - 2019-02-18,2018-05-22,,8952
2017-01-04 - 2019-02-18,2018-05-23,,8964
2017-01-04 - 2019-02-18,2018-05-24,,8860
2017-01-04 - 2019-02-18,2018-05-25,,8863
2017-01-04 - 2019-02-18,2018-05-26,,8865
2017-01-04 - 2019-02-18,2018-05-27,,8876
2017-01-04 - 2019-02-18,2018-05-28,,8881
2017-01-04 - 2019-02-18,2018-05-29,,8887
2017-01-04 - 2019-02-18,2018-05-30,,8901
2017-01-04 - 2019-02-18,2018-05-31,,8909
2017-01-04 - 2019-02-18,2018-06-01,,8919
2017-01-04 - 2019-02-18,2018-06-02,,8916
2017-01-04 - 2019-02-18,2018-06-03,,8928
2017-01-04 - 2019-02-18,2018-06-04,,8952
2017-01-04 - 2019-02-18,2018-06-05,,8991
2017-01-04 - 2019-02-18,2018-06-06,,8997
2017-01-04 - 2019-02-18,2018-06-07,,9018
2017-01-04 - 2019-02-18,2018-06-08,,9026
2017-01-04 - 2019-02-18,2018-06-09,,9021
2017-01-04 - 2019-02-18,2018-06-10,,9038
2017-01-04 - 2019-02-18,2018-06-11,,9070
2017-01-04 - 2019-02-18,2018-06-12,,9074
2017-01-04 - 2019-02-18,2018-06-13,,9085
2017-01-04 - 2019-02-18,2018-06-14,,9108
2017-01-04 - 2019-02-18,2018-06-15,,9113
2017-01-04 - 2019-02-18,2018-06-16,,9109
2017-01-04 - 2019-02-18,2018-06-17,,9103
2017-01-04 - 2019-02-18,2018-06-18,,9121
2017-01-04 - 2019-02-18,2018-06-19,,9136
2017-01-04 - 2019-02-18,2018-06-20,,9162
2017-01-04 - 2019-02-18,2018-06-21,,9177
2017-01-04 - 2019-02-18,2018-06-22,,9186
2017-01-04 - 2019-02-18,2018-06-23,,9174
2017-01-04 - 2019-02-18,2018-06-24,,9170
2017-01-04 - 2019-02-18,2018-06-25,,9178
2017-01-04 - 2019-02-18,2018-06-26,,9195
2017-01-04 - 2019-02-18,2018-06-27,,9209
2017-01-04 - 2019-02-18,2018-06-28,,9283
2017-01-04 - 2019-02-18,2018-06-29,,9264
2017-01-04 - 2019-02-18,2018-06-30,,9291
2017-01-04 - 2019-02-18,2018-07-01,,9303
2017-01-04 - 2019-02-18,2018-07-02,,9359
2017-01-04 - 2019-02-18,2018-07-03,,9382
2017-01-04 - 2019-02-18,2018-07-04,,9435
2017-01-04 - 2019-02-18,2018-07-05,,9439
2017-01-04 - 2019-02-18,2018-07-06,,9452
2017-01-04 - 2019-02-18,2018-07-07,,9448
2017-01-04 - 2019-02-18,2018-07-08,,9441
2017-01-04 - 2019-02-18,2018-07-09,,9475
2017-01-04 - 2019-02-18,2018-07-10,,9502
2017-01-04 - 2019-02-18,2018-07-11,,9518
2017-01-04 - 2019-02-18,2018-07-12,,9526
2017-01-04 - 2019-02-18,2018-07-13,,9540
2017-01-04 - 2019-02-18,2018-07-14,,9535
2017-01-04 - 2019-02-18,2018-07-15,,9532
2017-01-04 - 2019-02-18,2018-07-16,,9550
2017-01-04 - 2019-02-18,2018-07-17,,9673,"Metric update - App version data was updated to be more accurate., Metric update - We now include pre-installs in your installation metrics. You may see an increase in Installs by User and Device, and Installs on Active Devices."
2017-01-04 - 2019-02-18,2018-07-18,,9647
2017-01-04 - 2019-02-18,2018-07-19,,9707
2017-01-04 - 2019-02-18,2018-07-20,,9692
2017-01-04 - 2019-02-18,2018-07-21,,9682
2017-01-04 - 2019-02-18,2018-07-22,,9678
2017-01-04 - 2019-02-18,2018-07-23,,9691
2017-01-04 - 2019-02-18,2018-07-24,,9687
2017-01-04 - 2019-02-18,2018-07-25,,9737
2017-01-04 - 2019-02-18,2018-07-26,,9715
2017-01-04 - 2019-02-18,2018-07-27,,9691
2017-01-04 - 2019-02-18,2018-07-28,,9753
2017-01-04 - 2019-02-18,2018-07-29,,9725
2017-01-04 - 2019-02-18,2018-07-30,,9711
2017-01-04 - 2019-02-18,2018-07-31,,9777
2017-01-04 - 2019-02-18,2018-08-01,,9865
2017-01-04 - 2019-02-18,2018-08-02,,9853
2017-01-04 - 2019-02-18,2018-08-03,,9900
2017-01-04 - 2019-02-18,2018-08-04,,9908
2017-01-04 - 2019-02-18,2018-08-05,,9942
2017-01-04 - 2019-02-18,2018-08-06,,10015
2017-01-04 - 2019-02-18,2018-08-07,,10070,Metric update - Uninstalls were adjusted to account for a temporary outage.
2017-01-04 - 2019-02-18,2018-08-08,,10033
2017-01-04 - 2019-02-18,2018-08-09,,10056
2017-01-04 - 2019-02-18,2018-08-10,,10058
2017-01-04 - 2019-02-18,2018-08-11,,10085
2017-01-04 - 2019-02-18,2018-08-12,,10069
2017-01-04 - 2019-02-18,2018-08-13,,10124
2017-01-04 - 2019-02-18,2018-08-14,,10170
2017-01-04 - 2019-02-18,2018-08-15,,10181
2017-01-04 - 2019-02-18,2018-08-16,,10210
2017-01-04 - 2019-02-18,2018-08-17,,10216
2017-01-04 - 2019-02-18,2018-08-18,,10252
2017-01-04 - 2019-02-18,2018-08-19,,10189
2017-01-04 - 2019-02-18,2018-08-20,,10292
2017-01-04 - 2019-02-18,2018-08-21,,10348
2017-01-04 - 2019-02-18,2018-08-22,,10362
2017-01-04 - 2019-02-18,2018-08-23,,10364
2017-01-04 - 2019-02-18,2018-08-24,,10395
2017-01-04 - 2019-02-18,2018-08-25,,10393
2017-01-04 - 2019-02-18,2018-08-26,,10430
2017-01-04 - 2019-02-18,2018-08-27,,10422
2017-01-04 - 2019-02-18,2018-08-28,,10430
2017-01-04 - 2019-02-18,2018-08-29,,10504
2017-01-04 - 2019-02-18,2018-08-30,,10487
2017-01-04 - 2019-02-18,2018-08-31,,10500
2017-01-04 - 2019-02-18,2018-09-01,,10545
2017-01-04 - 2019-02-18,2018-09-02,,10589
2017-01-04 - 2019-02-18,2018-09-03,,10622
2017-01-04 - 2019-02-18,2018-09-04,,10576
2017-01-04 - 2019-02-18,2018-09-05,,10641
2017-01-04 - 2019-02-18,2018-09-06,,10691,Rollout of release - Started rollout of 2.0 at 100%
2017-01-04 - 2019-02-18,2018-09-07,,10708
2017-01-04 - 2019-02-18,2018-09-08,,10685
2017-01-04 - 2019-02-18,2018-09-09,,10703
2017-01-04 - 2019-02-18,2018-09-10,,10755
2017-01-04 - 2019-02-18,2018-09-11,,10765
2017-01-04 - 2019-02-18,2018-09-12,,10803
2017-01-04 - 2019-02-18,2018-09-13,,10768
2017-01-04 - 2019-02-18,2018-09-14,,10817
2017-01-04 - 2019-02-18,2018-09-15,,10831
2017-01-04 - 2019-02-18,2018-09-16,,10769
2017-01-04 - 2019-02-18,2018-09-17,,10826
2017-01-04 - 2019-02-18,2018-09-18,,10854
2017-01-04 - 2019-02-18,2018-09-19,,10879
2017-01-04 - 2019-02-18,2018-09-20,,10880
2017-01-04 - 2019-02-18,2018-09-21,,10690
2017-01-04 - 2019-02-18,2018-09-22,,10761
2017-01-04 - 2019-02-18,2018-09-23,,10718
2017-01-04 - 2019-02-18,2018-09-24,,10771
2017-01-04 - 2019-02-18,2018-09-25,,10746
2017-01-04 - 2019-02-18,2018-09-26,,10753
2017-01-04 - 2019-02-18,2018-09-27,,10773
2017-01-04 - 2019-02-18,2018-09-28,,10841
2017-01-04 - 2019-02-18,2018-09-29,,10797
2017-01-04 - 2019-02-18,2018-09-30,,10805
2017-01-04 - 2019-02-18,2018-10-01,,10849
2017-01-04 - 2019-02-18,2018-10-02,,10899
2017-01-04 - 2019-02-18,2018-10-03,,10910
2017-01-04 - 2019-02-18,2018-10-04,,10963
2017-01-04 - 2019-02-18,2018-10-05,,10989
2017-01-04 - 2019-02-18,2018-10-06,,10952
2017-01-04 - 2019-02-18,2018-10-07,,10967
2017-01-04 - 2019-02-18,2018-10-08,,11176
2017-01-04 - 2019-02-18,2018-10-09,,11154
2017-01-04 - 2019-02-18,2018-10-10,,11217
2017-01-04 - 2019-02-18,2018-10-11,,11180
2017-01-04 - 2019-02-18,2018-10-12,,11181
2017-01-04 - 2019-02-18,2018-10-13,,11183
2017-01-04 - 2019-02-18,2018-10-14,,11198
2017-01-04 - 2019-02-18,2018-10-15,,11218,Metric update - There was a one-off update to how data are recorded on devices which increases the accuracy of some metrics. This may cause a shift in some metrics and dimensions.
2017-01-04 - 2019-02-18,2018-10-16,,11217
2017-01-04 - 2019-02-18,2018-10-17,,11271
2017-01-04 - 2019-02-18,2018-10-18,,11282
2017-01-04 - 2019-02-18,2018-10-19,,11305
2017-01-04 - 2019-02-18,2018-10-20,,11277
2017-01-04 - 2019-02-18,2018-10-21,,11261
2017-01-04 - 2019-02-18,2018-10-22,,11309
2017-01-04 - 2019-02-18,2018-10-23,,11375
2017-01-04 - 2019-02-18,2018-10-24,,11386
2017-01-04 - 2019-02-18,2018-10-25,,11401
2017-01-04 - 2019-02-18,2018-10-26,,11435
2017-01-04 - 2019-02-18,2018-10-27,,11417
2017-01-04 - 2019-02-18,2018-10-28,,11419
2017-01-04 - 2019-02-18,2018-10-29,,11401
2017-01-04 - 2019-02-18,2018-10-30,,11412
2017-01-04 - 2019-02-18,2018-10-31,,11454
2017-01-04 - 2019-02-18,2018-11-01,,11446
2017-01-04 - 2019-02-18,2018-11-02,,11475
2017-01-04 - 2019-02-18,2018-11-03,,11491
2017-01-04 - 2019-02-18,2018-11-04,,11418
2017-01-04 - 2019-02-18,2018-11-05,,11451
2017-01-04 - 2019-02-18,2018-11-06,,11447
2017-01-04 - 2019-02-18,2018-11-07,,11528
2017-01-04 - 2019-02-18,2018-11-08,,11524
2017-01-04 - 2019-02-18,2018-11-09,,11551
2017-01-04 - 2019-02-18,2018-11-10,,11557
2017-01-04 - 2019-02-18,2018-11-11,,11551
2017-01-04 - 2019-02-18,2018-11-12,,11510
2017-01-04 - 2019-02-18,2018-11-13,,11599
2017-01-04 - 2019-02-18,2018-11-14,,11573
2017-01-04 - 2019-02-18,2018-11-15,,11566
2017-01-04 - 2019-02-18,2018-11-16,,11599
2017-01-04 - 2019-02-18,2018-11-17,,11592
2017-01-04 - 2019-02-18,2018-11-18,,11579
2017-01-04 - 2019-02-18,2018-11-19,,11594
2017-01-04 - 2019-02-18,2018-11-20,,11623
2017-01-04 - 2019-02-18,2018-11-21,,11610
2017-01-04 - 2019-02-18,2018-11-22,,11650
2017-01-04 - 2019-02-18,2018-11-23,,11635
2017-01-04 - 2019-02-18,2018-11-24,,11623
2017-01-04 - 2019-02-18,2018-11-25,,11647
2017-01-04 - 2019-02-18,2018-11-26,,11704
2017-01-04 - 2019-02-18,2018-11-27,,11706
2017-01-04 - 2019-02-18,2018-11-28,,11702
2017-01-04 - 2019-02-18,2018-11-29,,11676
2017-01-04 - 2019-02-18,2018-11-30,,11701
2017-01-04 - 2019-02-18,2018-12-01,,11683
2017-01-04 - 2019-02-18,2018-12-02,,11655
2017-01-04 - 2019-02-18,2018-12-03,,11678
2017-01-04 - 2019-02-18,2018-12-04,,11687
2017-01-04 - 2019-02-18,2018-12-05,,11710
2017-01-04 - 2019-02-18,2018-12-06,,11742
2017-01-04 - 2019-02-18,2018-12-07,,11789
2017-01-04 - 2019-02-18,2018-12-08,,11749
2017-01-04 - 2019-02-18,2018-12-09,,11752
2017-01-04 - 2019-02-18,2018-12-10,,11741
2017-01-04 - 2019-02-18,2018-12-11,,11727
2017-01-04 - 2019-02-18,2018-12-12,,11728
2017-01-04 - 2019-02-18,2018-12-13,,11736
2017-01-04 - 2019-02-18,2018-12-14,,11713
2017-01-04 - 2019-02-18,2018-12-15,,11738
2017-01-04 - 2019-02-18,2018-12-16,,11698
2017-01-04 - 2019-02-18,2018-12-17,,11674
2017-01-04 - 2019-02-18,2018-12-18,,11756
2017-01-04 - 2019-02-18,2018-12-19,,11728
2017-01-04 - 2019-02-18,2018-12-20,,11726
2017-01-04 - 2019-02-18,2018-12-21,,11732
2017-01-04 - 2019-02-18,2018-12-22,,11757
2017-01-04 - 2019-02-18,2018-12-23,,11771
2017-01-04 - 2019-02-18,2018-12-24,,11762
2017-01-04 - 2019-02-18,2018-12-25,,11778
2017-01-04 - 2019-02-18,2018-12-26,,11760
2017-01-04 - 2019-02-18,2018-12-27,,11797
2017-01-04 - 2019-02-18,2018-12-28,,11795
2017-01-04 - 2019-02-18,2018-12-29,,11789
2017-01-04 - 2019-02-18,2018-12-30,,11746
2017-01-04 - 2019-02-18,2018-12-31,,11789
2017-01-04 - 2019-02-18,2019-01-01,,11831
2017-01-04 - 2019-02-18,2019-01-02,,11890
2017-01-04 - 2019-02-18,2019-01-03,,11856
2017-01-04 - 2019-02-18,2019-01-04,,11865
2017-01-04 - 2019-02-18,2019-01-05,,11870
2017-01-04 - 2019-02-18,2019-01-06,,11898
2017-01-04 - 2019-02-18,2019-01-07,,11952
2017-01-04 - 2019-02-18,2019-01-08,,11975
2017-01-04 - 2019-02-18,2019-01-09,,12034
2017-01-04 - 2019-02-18,2019-01-10,,12042
2017-01-04 - 2019-02-18,2019-01-11,,12064
2017-01-04 - 2019-02-18,2019-01-12,,12013
2017-01-04 - 2019-02-18,2019-01-13,,12050
2017-01-04 - 2019-02-18,2019-01-14,,12104
2017-01-04 - 2019-02-18,2019-01-15,,12119
2017-01-04 - 2019-02-18,2019-01-16,,12166
2017-01-04 - 2019-02-18,2019-01-17,,12182
2017-01-04 - 2019-02-18,2019-01-18,,12166
2017-01-04 - 2019-02-18,2019-01-19,,12170
2017-01-04 - 2019-02-18,2019-01-20,,12133
2017-01-04 - 2019-02-18,2019-01-21,,12192
2017-01-04 - 2019-02-18,2019-01-22,,12272
2017-01-04 - 2019-02-18,2019-01-23,,12283
2017-01-04 - 2019-02-18,2019-01-24,,12311
2017-01-04 - 2019-02-18,2019-01-25,,12294
2017-01-04 - 2019-02-18,2019-01-26,,12320
2017-01-04 - 2019-02-18,2019-01-27,,12367
2017-01-04 - 2019-02-18,2019-01-28,,12379
2017-01-04 - 2019-02-18,2019-01-29,,12369
2017-01-04 - 2019-02-18,2019-01-30,,12433
2017-01-04 - 2019-02-18,2019-01-31,,12398
2017-01-04 - 2019-02-18,2019-02-01,,12443
2017-01-04 - 2019-02-18,2019-02-02,,12418
2017-01-04 - 2019-02-18,2019-02-03,,12464
2017-01-04 - 2019-02-18,2019-02-04,,12453
2017-01-04 - 2019-02-18,2019-02-05,,12498
2017-01-04 - 2019-02-18,2019-02-06,,12539
2017-01-04 - 2019-02-18,2019-02-07,,12584
2017-01-04 - 2019-02-18,2019-02-08,,12615
2017-01-04 - 2019-02-18,2019-02-09,,12576
2017-01-04 - 2019-02-18,2019-02-10,,12632,Rollout of release - Started rollout of 2.1 at 100%
2017-01-04 - 2019-02-18,2019-02-11,,12669
2017-01-04 - 2019-02-18,2019-02-12,,12706
2017-01-04 - 2019-02-18,2019-02-13,,12725
